[ec2-user@ip-20-1-10-7 ~]$ mysql -h secondaryudacitydb.cpaa1alczlw3.us-east-2.rds.amazonaws.com -P 3306 -u admin -p
Enter password:
Welcome to the MySQL monitor.  Commands end with ; or \g.
Your MySQL connection id is 5
Server version: 5.7.22-log Source distribution

Copyright (c) 2000, 2018, Oracle and/or its affiliates. All rights reserved.

Oracle is a registered trademark of Oracle Corporation and/or its
affiliates. Other names may be trademarks of their respective
owners.

Type 'help;' or '\h' for help. Type '\c' to clear the current input statement.

mysql>  SHOW DATABASES;
+--------------------+
| Database           |
+--------------------+
| information_schema |
| innodb             |
| mysql              |
| performance_schema |
| sys                |
| udacity            |
+--------------------+
6 rows in set (0.00 sec)

mysql> use udacity
Reading table information for completion of table and column names
You can turn off this feature to get a quicker startup with -A

Database changed
mysql> SHOW TABLES;
+-------------------+
| Tables_in_udacity |
+-------------------+
| pet               |
+-------------------+
1 row in set (0.00 sec)

mysql> Select * from pet;
+-------------+----------+------------+------+------------+-------+
| name        | owner    | species    | sex  | birth      | death |
+-------------+----------+------------+------+------------+-------+
| Puffball    | Diane    | hamster    | f    | 1999-03-30 | NULL  |
| Puffball100 | Diane100 | hamster100 | f    | 1999-03-30 | NULL  |
+-------------+----------+------------+------+------------+-------+
2 rows in set (0.00 sec)

mysql> INSERT INTO pet VALUES ('Mango','Dash','dog','f','1999-03-30',NULL);
Query OK, 1 row affected (0.01 sec)

mysql> Select * from pet;
+-------------+----------+------------+------+------------+-------+
| name        | owner    | species    | sex  | birth      | death |
+-------------+----------+------------+------+------------+-------+
| Puffball    | Diane    | hamster    | f    | 1999-03-30 | NULL  |
| Puffball100 | Diane100 | hamster100 | f    | 1999-03-30 | NULL  |
| Mango       | Dash     | dog        | f    | 1999-03-30 | NULL  |
+-------------+----------+------------+------+------------+-------+
3 rows in set (0.00 sec)

mysql>
